<?xml version="1.0"?>
<ArrayOfGuestRequest xmlns:xsi="http://www.w3.org/2001/XMLSchema-instance" xmlns:xsd="http://www.w3.org/2001/XMLSchema">
  <GuestRequest>
    <GuestRequestKey>10000000</GuestRequestKey>
    <PrivateName>uy</PrivateName>
    <FamilyName>oui</FamilyName>
    <MailAddress>namliber@gmail.com</MailAddress>
    <Status>Open</Status>
    <RegistrationDate>2020-02-01T21:48:18.7738214+02:00</RegistrationDate>
    <EntryDate>2020-02-01T21:47:31.2591849+02:00</EntryDate>
    <ReleaseDate>2020-02-15T00:00:00</ReleaseDate>
    <Area>Jerusalem</Area>
    <Type>Zimmer</Type>
    <Adults>3</Adults>
    <Children>4</Children>
    <Pool>Necessary</Pool>
    <Jacuzzi>Notinterested</Jacuzzi>
    <Garden>Notinterested</Garden>
    <ChildrensAttractions>Notinterested</ChildrensAttractions>
  </GuestRequest>
  <GuestRequest>
    <GuestRequestKey>10000001</GuestRequestKey>
    <PrivateName>kj</PrivateName>
    <FamilyName>oi</FamilyName>
    <MailAddress>namliber@gmail.com</MailAddress>
    <Status>Open</Status>
    <RegistrationDate>2020-02-01T21:49:39.4862123+02:00</RegistrationDate>
    <EntryDate>2020-02-01T21:48:58.093465+02:00</EntryDate>
    <ReleaseDate>2020-02-26T00:00:00</ReleaseDate>
    <Area>Jerusalem</Area>
    <Type>Zimmer</Type>
    <Adults>3</Adults>
    <Children>4</Children>
    <Pool>Necessary</Pool>
    <Jacuzzi>Notinterested</Jacuzzi>
    <Garden>Notinterested</Garden>
    <ChildrensAttractions>Notinterested</ChildrensAttractions>
  </GuestRequest>
  <GuestRequest>
    <GuestRequestKey>10000002</GuestRequestKey>
    <PrivateName>g</PrivateName>
    <FamilyName>g</FamilyName>
    <MailAddress>namliber@gmail.com</MailAddress>
    <Status>Open</Status>
    <RegistrationDate>2020-02-02T01:47:48.6113879+02:00</RegistrationDate>
    <EntryDate>2020-02-02T01:46:55.1099752+02:00</EntryDate>
    <ReleaseDate>2020-02-08T00:00:00</ReleaseDate>
    <Area>Jerusalem</Area>
    <Type>Zimmer</Type>
    <Adults>3</Adults>
    <Children>4</Children>
    <Pool>Necessary</Pool>
    <Jacuzzi>Notinterested</Jacuzzi>
    <Garden>Notinterested</Garden>
    <ChildrensAttractions>Notinterested</ChildrensAttractions>
  </GuestRequest>
  <GuestRequest>
    <GuestRequestKey>10000003</GuestRequestKey>
    <PrivateName>kj</PrivateName>
    <FamilyName>ou</FamilyName>
    <MailAddress>namliber@gmail.com</MailAddress>
    <Status>Open</Status>
    <RegistrationDate>2020-02-02T02:04:14.2743463+02:00</RegistrationDate>
    <EntryDate>2020-02-02T02:02:14.3886045+02:00</EntryDate>
    <ReleaseDate>2020-03-13T00:00:00</ReleaseDate>
    <Area>Jerusalem</Area>
    <Type>Zimmer</Type>
    <Adults>3</Adults>
    <Children>4</Children>
    <Pool>Necessary</Pool>
    <Jacuzzi>Notinterested</Jacuzzi>
    <Garden>Notinterested</Garden>
    <ChildrensAttractions>Notinterested</ChildrensAttractions>
  </GuestRequest>
  <GuestRequest>
    <GuestRequestKey>10000004</GuestRequestKey>
    <PrivateName>g</PrivateName>
    <FamilyName>g</FamilyName>
    <MailAddress>sariw4309090@gmail.com</MailAddress>
    <Status>Open</Status>
    <RegistrationDate>2020-02-02T02:10:50.6697822+02:00</RegistrationDate>
    <EntryDate>2020-02-02T02:10:09.1295236+02:00</EntryDate>
    <ReleaseDate>2020-02-19T00:00:00</ReleaseDate>
    <Area>All</Area>
    <Type>Zimmer</Type>
    <Adults>2</Adults>
    <Children>0</Children>
    <Pool>Necessary</Pool>
    <Jacuzzi>Possible</Jacuzzi>
    <Garden>Possible</Garden>
    <ChildrensAttractions>Notinterested</ChildrensAttractions>
  </GuestRequest>
  <GuestRequest>
    <GuestRequestKey>10000005</GuestRequestKey>
    <PrivateName>f</PrivateName>
    <FamilyName>f</FamilyName>
    <MailAddress>noaw1997@gmail.com</MailAddress>
    <Status>Open</Status>
    <RegistrationDate>2020-02-05T21:02:14.4324768+02:00</RegistrationDate>
    <EntryDate>2020-02-05T21:01:14.825199+02:00</EntryDate>
    <ReleaseDate>2020-02-08T00:00:00</ReleaseDate>
    <Area>All</Area>
    <Type>Zimmer</Type>
    <Adults>2</Adults>
    <Children>0</Children>
    <Pool>Notinterested</Pool>
    <Jacuzzi>Notinterested</Jacuzzi>
    <Garden>Possible</Garden>
    <ChildrensAttractions>Possible</ChildrensAttractions>
  </GuestRequest>
  <GuestRequest>
    <GuestRequestKey>10000006</GuestRequestKey>
    <PrivateName>g</PrivateName>
    <FamilyName>g</FamilyName>
    <MailAddress>יע@gmail.com</MailAddress>
    <Status>Open</Status>
    <RegistrationDate>2020-02-09T10:37:50.6791612+02:00</RegistrationDate>
    <EntryDate>2020-02-09T10:37:07.4031279+02:00</EntryDate>
    <ReleaseDate>2020-02-12T00:00:00</ReleaseDate>
    <Area>Center</Area>
    <Type>Zimmer</Type>
    <Adults>2</Adults>
    <Children>0</Children>
    <Pool>Necessary</Pool>
    <Jacuzzi>Necessary</Jacuzzi>
    <Garden>Necessary</Garden>
    <ChildrensAttractions>Necessary</ChildrensAttractions>
  </GuestRequest>
  <GuestRequest>
    <GuestRequestKey>10000007</GuestRequestKey>
    <PrivateName>g</PrivateName>
    <FamilyName>g</FamilyName>
    <MailAddress>ע@gmail.com</MailAddress>
    <Status>Open</Status>
    <RegistrationDate>2020-02-09T10:40:44.28507+02:00</RegistrationDate>
    <EntryDate>2020-02-09T10:39:54.0106517+02:00</EntryDate>
    <ReleaseDate>2020-02-10T10:39:54.0106517+02:00</ReleaseDate>
    <Area>Jerusalem</Area>
    <Type>Zimmer</Type>
    <Adults>4</Adults>
    <Children>0</Children>
    <Pool>Possible</Pool>
    <Jacuzzi>Notinterested</Jacuzzi>
    <Garden>Notinterested</Garden>
    <ChildrensAttractions>Notinterested</ChildrensAttractions>
  </GuestRequest>
  <GuestRequest>
    <GuestRequestKey>10000008</GuestRequestKey>
    <PrivateName>we</PrivateName>
    <FamilyName>we</FamilyName>
    <MailAddress>namlibe@gmail.com</MailAddress>
    <Status>Open</Status>
    <RegistrationDate>2020-02-09T12:03:16.5184825+02:00</RegistrationDate>
    <EntryDate>2020-02-09T12:01:39.0487619+02:00</EntryDate>
    <ReleaseDate>2020-02-20T00:00:00</ReleaseDate>
    <Area>Jerusalem</Area>
    <Type>Zimmer</Type>
    <Adults>5</Adults>
    <Children>0</Children>
    <Pool>Necessary</Pool>
    <Jacuzzi>Notinterested</Jacuzzi>
    <Garden>Notinterested</Garden>
    <ChildrensAttractions>Notinterested</ChildrensAttractions>
  </GuestRequest>
</ArrayOfGuestRequest>