﻿<?xml version="1.0" encoding="utf-8"?>
<Orders>
  <Orders>
    <HostingUnitKeySeq>10000000</HostingUnitKeySeq>
    <GuestRequestKeySeq>10000000</GuestRequestKeySeq>
    <OrderKeySeq>10000000</OrderKeySeq>
    <Status>MailHasBeenSent</Status>
    <CreateDate>2020-02-01T21:48:40.7590854+02:00</CreateDate>
    <OrderDate>2020-02-01T21:48:40.7590854+02:00</OrderDate>
  </Orders>
  <Orders>
    <HostingUnitKeySeq>10000000</HostingUnitKeySeq>
    <GuestRequestKeySeq>10000001</GuestRequestKeySeq>
    <OrderKeySeq>10000001</OrderKeySeq>
    <Status>MailHasBeenSent</Status>
    <CreateDate>2020-02-01T21:50:01.7135914+02:00</CreateDate>
    <OrderDate>2020-02-01T21:50:01.7135914+02:00</OrderDate>
  </Orders>
  <Orders>
    <HostingUnitKeySeq>10000000</HostingUnitKeySeq>
    <GuestRequestKeySeq>10000002</GuestRequestKeySeq>
    <OrderKeySeq>10000002</OrderKeySeq>
    <Status>MailHasBeenSent</Status>
    <CreateDate>2020-02-02T01:48:39.8518196+02:00</CreateDate>
    <OrderDate>2020-02-02T01:48:39.8518196+02:00</OrderDate>
  </Orders>
  <Orders>
    <HostingUnitKeySeq>10000000</HostingUnitKeySeq>
    <GuestRequestKeySeq>10000002</GuestRequestKeySeq>
    <OrderKeySeq>10000003</OrderKeySeq>
    <Status>MailHasBeenSent</Status>
    <CreateDate>2020-02-02T01:52:20.5240988+02:00</CreateDate>
    <OrderDate>2020-02-02T01:52:20.5240988+02:00</OrderDate>
  </Orders>
  <Orders>
    <HostingUnitKeySeq>10000000</HostingUnitKeySeq>
    <GuestRequestKeySeq>10000000</GuestRequestKeySeq>
    <OrderKeySeq>10000004</OrderKeySeq>
    <Status>MailHasBeenSent</Status>
    <CreateDate>2020-02-02T01:56:26.8597431+02:00</CreateDate>
    <OrderDate>2020-02-02T01:56:26.8597431+02:00</OrderDate>
  </Orders>
  <Orders>
    <HostingUnitKeySeq>10000000</HostingUnitKeySeq>
    <GuestRequestKeySeq>10000002</GuestRequestKeySeq>
    <OrderKeySeq>10000005</OrderKeySeq>
    <Status>MailHasBeenSent</Status>
    <CreateDate>2020-02-02T01:58:45.6734578+02:00</CreateDate>
    <OrderDate>2020-02-02T01:58:45.6734578+02:00</OrderDate>
  </Orders>
  <Orders>
    <HostingUnitKeySeq>10000000</HostingUnitKeySeq>
    <GuestRequestKeySeq>10000002</GuestRequestKeySeq>
    <OrderKeySeq>10000006</OrderKeySeq>
    <Status>MailHasBeenSent</Status>
    <CreateDate>2020-02-02T02:00:56.5538209+02:00</CreateDate>
    <OrderDate>2020-02-02T02:00:56.5538209+02:00</OrderDate>
  </Orders>
  <Orders>
    <HostingUnitKeySeq>10000000</HostingUnitKeySeq>
    <GuestRequestKeySeq>10000003</GuestRequestKeySeq>
    <OrderKeySeq>10000007</OrderKeySeq>
    <Status>MailHasBeenSent</Status>
    <CreateDate>2020-02-02T02:04:34.4796425+02:00</CreateDate>
    <OrderDate>2020-02-02T02:04:34.4796425+02:00</OrderDate>
  </Orders>
  <Orders>
    <HostingUnitKeySeq>10000001</HostingUnitKeySeq>
    <GuestRequestKeySeq>10000004</GuestRequestKeySeq>
    <OrderKeySeq>10000008</OrderKeySeq>
    <Status>MailHasBeenSent</Status>
    <CreateDate>2020-02-02T02:12:06.6443063+02:00</CreateDate>
    <OrderDate>2020-02-02T02:12:06.6443063+02:00</OrderDate>
  </Orders>
  <Orders>
    <HostingUnitKeySeq>10000001</HostingUnitKeySeq>
    <GuestRequestKeySeq>10000004</GuestRequestKeySeq>
    <OrderKeySeq>10000009</OrderKeySeq>
    <Status>MailHasBeenSent</Status>
    <CreateDate>2020-02-02T02:12:37.3914879+02:00</CreateDate>
    <OrderDate>2020-02-02T02:12:37.3914879+02:00</OrderDate>
  </Orders>
  <Orders>
    <HostingUnitKeySeq>10000000</HostingUnitKeySeq>
    <GuestRequestKeySeq>10000000</GuestRequestKeySeq>
    <OrderKeySeq>10000010</OrderKeySeq>
    <Status>MailHasBeenSent</Status>
    <CreateDate>2020-02-02T02:14:16.5043418+02:00</CreateDate>
    <OrderDate>2020-02-02T02:14:16.5043418+02:00</OrderDate>
  </Orders>
  <Orders>
    <HostingUnitKeySeq>10000000</HostingUnitKeySeq>
    <GuestRequestKeySeq>10000000</GuestRequestKeySeq>
    <OrderKeySeq>10000011</OrderKeySeq>
    <Status>MailHasBeenSent</Status>
    <CreateDate>2020-02-02T02:15:36.8240656+02:00</CreateDate>
    <OrderDate>2020-02-02T02:15:36.8240656+02:00</OrderDate>
  </Orders>
  <Orders>
    <HostingUnitKeySeq>10000001</HostingUnitKeySeq>
    <GuestRequestKeySeq>10000004</GuestRequestKeySeq>
    <OrderKeySeq>10000012</OrderKeySeq>
    <Status>MailHasBeenSent</Status>
    <CreateDate>2020-02-02T02:16:17.0149793+02:00</CreateDate>
    <OrderDate>2020-02-02T02:16:17.0149793+02:00</OrderDate>
  </Orders>
  <Orders>
    <HostingUnitKeySeq>10000001</HostingUnitKeySeq>
    <GuestRequestKeySeq>10000005</GuestRequestKeySeq>
    <OrderKeySeq>10000013</OrderKeySeq>
    <Status>MailHasBeenSent</Status>
    <CreateDate>2020-02-05T21:02:51.1224704+02:00</CreateDate>
    <OrderDate>2020-02-05T21:02:51.1224704+02:00</OrderDate>
  </Orders>
  <Orders>
    <HostingUnitKeySeq>10000000</HostingUnitKeySeq>
    <GuestRequestKeySeq>10000007</GuestRequestKeySeq>
    <OrderKeySeq>10000014</OrderKeySeq>
    <Status>NotYetAddressed</Status>
    <CreateDate>2020-02-09T10:41:05.5002353+02:00</CreateDate>
    <OrderDate>2020-02-09T10:41:05.5002353+02:00</OrderDate>
  </Orders>
  <Orders>
    <HostingUnitKeySeq>10000001</HostingUnitKeySeq>
    <GuestRequestKeySeq>10000007</GuestRequestKeySeq>
    <OrderKeySeq>10000015</OrderKeySeq>
    <Status>MailHasBeenSent</Status>
    <CreateDate>2020-02-09T10:41:05.539197+02:00</CreateDate>
    <OrderDate>2020-02-09T10:41:05.539197+02:00</OrderDate>
  </Orders>
  <Orders>
    <HostingUnitKeySeq>10000000</HostingUnitKeySeq>
    <GuestRequestKeySeq>10000007</GuestRequestKeySeq>
    <OrderKeySeq>10000016</OrderKeySeq>
    <Status>NotYetAddressed</Status>
    <CreateDate>2020-02-09T11:04:19.1585979+02:00</CreateDate>
    <OrderDate>2020-02-09T11:04:19.1585979+02:00</OrderDate>
  </Orders>
  <Orders>
    <HostingUnitKeySeq>10000001</HostingUnitKeySeq>
    <GuestRequestKeySeq>10000007</GuestRequestKeySeq>
    <OrderKeySeq>10000017</OrderKeySeq>
    <Status>MailHasBeenSent</Status>
    <CreateDate>2020-02-09T11:04:19.1885805+02:00</CreateDate>
    <OrderDate>2020-02-09T11:04:19.1885805+02:00</OrderDate>
  </Orders>
  <Orders>
    <HostingUnitKeySeq>10000000</HostingUnitKeySeq>
    <GuestRequestKeySeq>10000007</GuestRequestKeySeq>
    <OrderKeySeq>10000018</OrderKeySeq>
    <Status>NotYetAddressed</Status>
    <CreateDate>2020-02-09T11:08:46.7674456+02:00</CreateDate>
    <OrderDate>2020-02-09T11:08:46.7674456+02:00</OrderDate>
  </Orders>
  <Orders>
    <HostingUnitKeySeq>10000001</HostingUnitKeySeq>
    <GuestRequestKeySeq>10000007</GuestRequestKeySeq>
    <OrderKeySeq>10000019</OrderKeySeq>
    <Status>MailHasBeenSent</Status>
    <CreateDate>2020-02-09T11:08:46.8084196+02:00</CreateDate>
    <OrderDate>2020-02-09T11:08:46.8084196+02:00</OrderDate>
  </Orders>
  <Orders>
    <HostingUnitKeySeq>10000000</HostingUnitKeySeq>
    <GuestRequestKeySeq>10000007</GuestRequestKeySeq>
    <OrderKeySeq>10000020</OrderKeySeq>
    <Status>NotYetAddressed</Status>
    <CreateDate>2020-02-09T11:16:33.4251591+02:00</CreateDate>
    <OrderDate>2020-02-09T11:16:33.4251591+02:00</OrderDate>
  </Orders>
  <Orders>
    <HostingUnitKeySeq>10000001</HostingUnitKeySeq>
    <GuestRequestKeySeq>10000007</GuestRequestKeySeq>
    <OrderKeySeq>10000021</OrderKeySeq>
    <Status>NotYetAddressed</Status>
    <CreateDate>2020-02-09T11:16:33.4611551+02:00</CreateDate>
    <OrderDate>2020-02-09T11:16:33.4611551+02:00</OrderDate>
  </Orders>
  <Orders>
    <HostingUnitKeySeq>10000000</HostingUnitKeySeq>
    <GuestRequestKeySeq>10000000</GuestRequestKeySeq>
    <OrderKeySeq>10000022</OrderKeySeq>
    <Status>MailHasBeenSent</Status>
    <CreateDate>2020-02-09T11:18:16.8659683+02:00</CreateDate>
    <OrderDate>2020-02-09T11:18:16.8659683+02:00</OrderDate>
  </Orders>
  <Orders>
    <HostingUnitKeySeq>10000000</HostingUnitKeySeq>
    <GuestRequestKeySeq>10000000</GuestRequestKeySeq>
    <OrderKeySeq>10000023</OrderKeySeq>
    <Status>MailHasBeenSent</Status>
    <CreateDate>2020-02-09T11:19:06.1901401+02:00</CreateDate>
    <OrderDate>2020-02-09T11:19:06.1901401+02:00</OrderDate>
  </Orders>
  <Orders>
    <HostingUnitKeySeq>10000000</HostingUnitKeySeq>
    <GuestRequestKeySeq>10000000</GuestRequestKeySeq>
    <OrderKeySeq>10000024</OrderKeySeq>
    <Status>NotYetAddressed</Status>
    <CreateDate>2020-02-09T12:06:41.5258886+02:00</CreateDate>
    <OrderDate>2020-02-09T12:06:41.5258886+02:00</OrderDate>
  </Orders>
  <Orders>
    <HostingUnitKeySeq>10000001</HostingUnitKeySeq>
    <GuestRequestKeySeq>10000004</GuestRequestKeySeq>
    <OrderKeySeq>10000025</OrderKeySeq>
    <Status>NotYetAddressed</Status>
    <CreateDate>2020-02-09T12:07:21.1319647+02:00</CreateDate>
    <OrderDate>2020-02-09T12:07:21.1319647+02:00</OrderDate>
  </Orders>
</Orders>